Delta,Theta,Alpha,Beta,specific.disorder
12.245460259869589,8.674307799898862,7.131808938331789,10.013943586459522,happy
18.08268986681948,15.852509350606278,12.739707518899348,14.83014543734114,happy
18.653088823494457,15.0620341644287,11.989569660095608,15.140478944456406,happy
21.838218497443968,17.541182224036355,13.624016661444823,17.053418866452088,happy
22.067904291312487,17.228787735967433,14.240931706062408,17.3329199960954,happy
11.524160765924826,8.286166087671575,6.428016459293465,8.371240438908877,happy
