Delta,Theta,Alpha,Beta
12.245460259869587,8.674307799898862,7.131808938331789,10.013943586459522
