Delta,Theta,Alpha,Beta
11.524160765924826,8.286166087671575,6.428016459293465,8.371240438908877
