Delta,Theta,Alpha,Beta
18.653088823494457,15.062034164428699,11.989569660095608,15.140478944456406
