Delta,Theta,Alpha,Beta
22.067904291312487,17.228787735967433,14.240931706062408,17.3329199960954
