Delta,Theta,Alpha,Beta
21.838218497443968,17.541182224036355,13.624016661444825,17.053418866452088
