Delta,Theta,Alpha,Beta
18.08268986681948,15.852509350606278,12.739707518899348,14.83014543734114
