Delta,Theta,Alpha,Beta
19.85102852195683,27.115254430993108,18.327651480147583,19.035805078912176
