Delta,Theta,Alpha,Beta
18.185741529142355,22.294495954093026,14.359091054117917,15.996080471884614
