Delta,Theta,Alpha,Beta
25.001783959924563,31.51904318077907,19.850411575935194,21.230423511509414
