Delta,Theta,Alpha,Beta
25.000701359458102,30.13532912766536,18.52942842704256,19.11774633385633
