Delta,Theta,Alpha,Beta
28.15732162463918,28.832136767867674,21.79461728938532,22.223544705550744
