Delta,Theta,Alpha,Beta
13.862875335739965,20.332547933029833,11.932374611213236,13.03541849016924
