Delta,Theta,Alpha,Beta
17.041517890184895,23.978365089917187,13.15044002909746,15.224098059352503
