Delta,Theta,Alpha,Beta
19.56727068607495,21.90081236781583,14.625480014100809,17.198584652050663
