Delta,Theta,Alpha,Beta
14.124679165442098,18.920809515018902,11.240146111057289,14.162136900301235
