Delta,Theta,Alpha,Beta
32.46947035181742,29.98197782164991,19.441226575339172,25.872337505390142
