Delta,Theta,Alpha,Beta
27.9314187942848,26.04725657602502,17.01978893159796,21.03381129390724
