Delta,Theta,Alpha,Beta
19.743887859766517,25.04126795552644,16.7838534436114,18.29220349851552
