Delta,Theta,Alpha,Beta
17.30720403530736,23.20013487782426,13.903777155697366,15.551896162966242
