Delta,Theta,Alpha,Beta
19.895961737777263,21.594935598322458,14.921907825631628,18.16595281104365
